{"cameraMode":{"drawMode":0,"name":"Shaded","section":"Shading Mode"},"sceneLighting":true,"audioPlay":false,"sceneViewState":{"m_AlwaysRefresh":false,"showFog":true,"showSkybox":true,"showFlares":true,"showImageEffects":true,"showParticleSystems":true,"showVisualEffectGraphs":true,"m_FxEnabled":true},"in2DMode":false,"pivot":{"x":6.462699890136719,"y":-0.7979200482368469,"z":-12.893598556518555},"rotation":{"x":-0.005034285597503185,"y":-0.9888859987258911,"z":0.03443721681833267,"w":-0.14461226761341096},"size":7.832187652587891,"orthographic":false}